bar_index,timestamp,close,py_trail_up,py_trail_down,py_eq,py_in_premium,py_in_discount,py_position_pct,ninja_in_premium,ninja_in_discount,match
59,2025-11-11 00:00:00,4126.6,0.0,0.0,0.0,False,False,50.0,False,False,True
60,2025-11-11 00:01:00,4124.7,0.0,0.0,0.0,False,False,50.0,False,False,True
61,2025-11-11 00:02:00,4125.4,0.0,0.0,0.0,False,False,50.0,False,False,True
62,2025-11-11 00:03:00,4123.8,0.0,0.0,0.0,False,False,50.0,False,False,True
63,2025-11-11 00:04:00,4124.4,0.0,0.0,0.0,False,False,50.0,False,False,True
64,2025-11-11 00:05:00,4124.3,0.0,0.0,0.0,False,False,50.0,False,False,True
65,2025-11-11 00:06:00,4123.8,0.0,0.0,0.0,False,False,50.0,False,False,True
66,2025-11-11 00:07:00,4124.3,0.0,0.0,0.0,False,False,50.0,False,False,True
67,2025-11-11 00:08:00,4124.9,0.0,0.0,0.0,False,False,50.0,False,False,True
68,2025-11-11 00:09:00,4124.9,0.0,0.0,0.0,False,False,50.0,False,False,True
69,2025-11-11 00:10:00,4125,0.0,0.0,0.0,False,False,50.0,False,False,True
70,2025-11-11 00:11:00,4125,0.0,0.0,0.0,False,False,50.0,False,False,True
71,2025-11-11 00:12:00,4124.9,0.0,0.0,0.0,False,False,50.0,False,False,True
72,2025-11-11 00:13:00,4126.1,0.0,0.0,0.0,False,False,50.0,False,False,True
73,2025-11-11 00:14:00,4126.6,0.0,0.0,0.0,False,False,50.0,False,False,True
74,2025-11-11 00:15:00,4126.5,0.0,0.0,0.0,False,False,50.0,False,False,True
75,2025-11-11 00:16:00,4128,0.0,0.0,0.0,False,False,50.0,False,False,True
76,2025-11-11 00:17:00,4127.5,0.0,0.0,0.0,False,False,50.0,False,False,True
77,2025-11-11 00:18:00,4127.4,0.0,0.0,0.0,False,False,50.0,False,False,True
78,2025-11-11 00:19:00,4127.6,0.0,0.0,0.0,False,False,50.0,False,False,True
79,2025-11-11 00:20:00,4127,0.0,0.0,0.0,False,False,50.0,False,False,True
80,2025-11-11 00:21:00,4126.9,0.0,0.0,0.0,False,False,50.0,False,False,True
81,2025-11-11 00:22:00,4126.9,0.0,0.0,0.0,False,False,50.0,False,False,True
82,2025-11-11 00:23:00,4126.9,0.0,0.0,0.0,False,False,50.0,False,False,True
83,2025-11-11 00:24:00,4128.7,0.0,0.0,0.0,False,False,50.0,False,False,True
84,2025-11-11 00:25:00,4127.6,0.0,0.0,0.0,False,False,50.0,False,False,True
85,2025-11-11 00:26:00,4128.4,0.0,0.0,0.0,False,False,50.0,False,False,True
86,2025-11-11 00:27:00,4129.8,0.0,0.0,0.0,False,False,50.0,False,False,True
87,2025-11-11 00:28:00,4130.8,0.0,0.0,0.0,False,False,50.0,False,False,True
88,2025-11-11 00:29:00,4130.5,0.0,0.0,0.0,False,False,50.0,False,False,True
89,2025-11-11 00:30:00,4131.2,0.0,0.0,0.0,False,False,50.0,False,False,True
90,2025-11-11 00:31:00,4132.6,0.0,0.0,0.0,False,False,50.0,False,False,True
91,2025-11-11 00:32:00,4132.7,0.0,0.0,0.0,False,False,50.0,False,False,True
92,2025-11-11 00:33:00,4134.3,0.0,0.0,0.0,False,False,50.0,False,False,True
93,2025-11-11 00:34:00,4133.9,0.0,0.0,0.0,False,False,50.0,False,False,True
94,2025-11-11 00:35:00,4133.4,0.0,0.0,0.0,False,False,50.0,False,False,True
95,2025-11-11 00:36:00,4133.5,0.0,0.0,0.0,False,False,50.0,False,False,True
96,2025-11-11 00:37:00,4132.7,0.0,0.0,0.0,False,False,50.0,False,False,True
97,2025-11-11 00:38:00,4134.1,0.0,0.0,0.0,False,False,50.0,False,False,True
98,2025-11-11 00:39:00,4133.7,0.0,0.0,0.0,False,False,50.0,False,False,True
99,2025-11-11 00:40:00,4133.2,0.0,0.0,0.0,False,False,50.0,False,False,True
100,2025-11-11 00:41:00,4132.5,0.0,0.0,0.0,False,False,50.0,False,False,True
101,2025-11-11 00:42:00,4133.2,0.0,0.0,0.0,False,False,50.0,False,False,True
102,2025-11-11 00:43:00,4134.3,0.0,0.0,0.0,False,False,50.0,False,False,True
103,2025-11-11 00:44:00,4134.4,0.0,0.0,0.0,False,False,50.0,False,False,True
104,2025-11-11 00:45:00,4135.7,0.0,0.0,0.0,False,False,50.0,False,False,True
105,2025-11-11 00:46:00,4134.9,0.0,0.0,0.0,False,False,50.0,False,False,True
106,2025-11-11 00:47:00,4134.2,0.0,0.0,0.0,False,False,50.0,False,False,True
107,2025-11-11 00:48:00,4134.9,0.0,0.0,0.0,False,False,50.0,False,False,True
108,2025-11-11 00:49:00,4136.6,0.0,0.0,0.0,False,False,50.0,False,False,True
109,2025-11-11 00:50:00,4136.7,0.0,0.0,0.0,False,False,50.0,False,False,True
110,2025-11-11 00:51:00,4137.6,0.0,0.0,0.0,False,False,50.0,False,False,True
111,2025-11-11 00:52:00,4138.3,0.0,0.0,0.0,False,False,50.0,False,False,True
112,2025-11-11 00:53:00,4137.9,0.0,0.0,0.0,False,False,50.0,False,False,True
113,2025-11-11 00:54:00,4138.8,0.0,0.0,0.0,False,False,50.0,False,False,True
114,2025-11-11 00:55:00,4138.7,0.0,0.0,0.0,False,False,50.0,False,False,True
115,2025-11-11 00:56:00,4139.8,0.0,4123.1,0.0,False,False,50.0,False,False,True
116,2025-11-11 00:57:00,4139.9,0.0,4123.1,0.0,False,False,50.0,False,False,True
117,2025-11-11 00:58:00,4137.8,0.0,4123.1,0.0,False,False,50.0,False,False,True
118,2025-11-11 00:59:00,4137.2,0.0,4123.1,0.0,False,False,50.0,False,False,True
119,2025-11-11 01:00:00,4137.3,0.0,4123.1,0.0,False,False,50.0,False,False,True
120,2025-11-11 01:01:00,4137.8,0.0,4123.1,0.0,False,False,50.0,False,False,True
121,2025-11-11 01:02:00,4139.7,0.0,4123.1,0.0,False,False,50.0,False,False,True
122,2025-11-11 01:03:00,4140.1,0.0,4123.1,0.0,False,False,50.0,False,False,True
123,2025-11-11 01:04:00,4140,0.0,4123.1,0.0,False,False,50.0,False,False,True
124,2025-11-11 01:05:00,4136.4,0.0,4123.1,0.0,False,False,50.0,False,False,True
125,2025-11-11 01:06:00,4136.5,0.0,4123.1,0.0,False,False,50.0,False,False,True
126,2025-11-11 01:07:00,4138.2,0.0,4123.1,0.0,False,False,50.0,False,False,True
127,2025-11-11 01:08:00,4134.8,0.0,4123.1,0.0,False,False,50.0,False,False,True
128,2025-11-11 01:09:00,4135.9,0.0,4123.1,0.0,False,False,50.0,False,False,True
129,2025-11-11 01:10:00,4136.1,0.0,4123.1,0.0,False,False,50.0,False,False,True
130,2025-11-11 01:11:00,4137.1,0.0,4123.1,0.0,False,False,50.0,False,False,True
131,2025-11-11 01:12:00,4136.8,0.0,4123.1,0.0,False,False,50.0,False,False,True
132,2025-11-11 01:13:00,4137.9,0.0,4123.1,0.0,False,False,50.0,False,False,True
133,2025-11-11 01:14:00,4138.6,0.0,4123.1,0.0,False,False,50.0,False,False,True
134,2025-11-11 01:15:00,4138.4,0.0,4123.1,0.0,False,False,50.0,False,False,True
135,2025-11-11 01:16:00,4142,0.0,4123.1,0.0,False,False,50.0,False,False,True
136,2025-11-11 01:17:00,4140.9,0.0,4123.1,0.0,False,False,50.0,False,False,True
137,2025-11-11 01:18:00,4140.7,0.0,4123.1,0.0,False,False,50.0,False,False,True
138,2025-11-11 01:19:00,4137.8,0.0,4123.1,0.0,False,False,50.0,False,False,True
139,2025-11-11 01:20:00,4137.4,0.0,4123.1,0.0,False,False,50.0,False,False,True
140,2025-11-11 01:21:00,4139.3,0.0,4123.1,0.0,False,False,50.0,False,False,True
141,2025-11-11 01:22:00,4138.9,0.0,4123.1,0.0,False,False,50.0,False,False,True
142,2025-11-11 01:23:00,4138.8,0.0,4123.1,0.0,False,False,50.0,False,False,True
143,2025-11-11 01:24:00,4138,0.0,4123.1,0.0,False,False,50.0,False,False,True
144,2025-11-11 01:25:00,4139,0.0,4123.1,0.0,False,False,50.0,False,False,True
145,2025-11-11 01:26:00,4140.4,0.0,4123.1,0.0,False,False,50.0,False,False,True
146,2025-11-11 01:27:00,4141.9,0.0,4123.1,0.0,False,False,50.0,False,False,True
147,2025-11-11 01:28:00,4142.4,0.0,4123.1,0.0,False,False,50.0,False,False,True
148,2025-11-11 01:29:00,4143.1,0.0,4123.1,0.0,False,False,50.0,False,False,True
149,2025-11-11 01:30:00,4143.7,0.0,4123.1,0.0,False,False,50.0,False,False,True
150,2025-11-11 01:31:00,4144.5,0.0,4123.1,0.0,False,False,50.0,False,False,True
151,2025-11-11 01:32:00,4145.7,0.0,4123.1,0.0,False,False,50.0,False,False,True
152,2025-11-11 01:33:00,4146.7,0.0,4123.1,0.0,False,False,50.0,False,False,True
153,2025-11-11 01:34:00,4145.3,0.0,4123.1,0.0,False,False,50.0,False,False,True
154,2025-11-11 01:35:00,4147.3,0.0,4123.1,0.0,False,False,50.0,False,False,True
155,2025-11-11 01:36:00,4146.1,0.0,4123.1,0.0,False,False,50.0,False,False,True
156,2025-11-11 01:37:00,4143.5,0.0,4123.1,0.0,False,False,50.0,False,False,True
157,2025-11-11 01:38:00,4145.2,0.0,4123.1,0.0,False,False,50.0,False,False,True
158,2025-11-11 01:39:00,4144,0.0,4123.1,0.0,False,False,50.0,False,False,True
159,2025-11-11 01:40:00,4145.7,0.0,4123.1,0.0,False,False,50.0,False,False,True
160,2025-11-11 01:41:00,4147,0.0,4123.1,0.0,False,False,50.0,False,False,True
161,2025-11-11 01:42:00,4146.6,0.0,4123.1,0.0,False,False,50.0,False,False,True
162,2025-11-11 01:43:00,4146,0.0,4123.1,0.0,False,False,50.0,False,False,True
163,2025-11-11 01:44:00,4143.2,0.0,4123.1,0.0,False,False,50.0,False,False,True
164,2025-11-11 01:45:00,4141.5,0.0,4123.1,0.0,False,False,50.0,False,False,True
165,2025-11-11 01:46:00,4140.7,0.0,4123.1,0.0,False,False,50.0,False,False,True
166,2025-11-11 01:47:00,4139.2,0.0,4123.1,0.0,False,False,50.0,False,False,True
167,2025-11-11 01:48:00,4139.7,0.0,4123.1,0.0,False,False,50.0,False,False,True
168,2025-11-11 01:49:00,4141.5,0.0,4123.1,0.0,False,False,50.0,False,False,True
169,2025-11-11 01:50:00,4141.2,0.0,4123.1,0.0,False,False,50.0,False,False,True
170,2025-11-11 01:51:00,4141.7,0.0,4123.1,0.0,False,False,50.0,False,False,True
171,2025-11-11 01:52:00,4142.2,0.0,4123.1,0.0,False,False,50.0,False,False,True
172,2025-11-11 01:53:00,4141.4,0.0,4123.1,0.0,False,False,50.0,False,False,True
173,2025-11-11 01:54:00,4141.3,0.0,4123.1,0.0,False,False,50.0,False,False,True
174,2025-11-11 01:55:00,4137.7,0.0,4123.1,0.0,False,False,50.0,False,False,True
175,2025-11-11 01:56:00,4138.3,0.0,4123.1,0.0,False,False,50.0,False,False,True
176,2025-11-11 01:57:00,4139.7,0.0,4123.1,0.0,False,False,50.0,False,False,True
177,2025-11-11 01:58:00,4140.5,0.0,4123.1,0.0,False,False,50.0,False,False,True
178,2025-11-11 01:59:00,4142.6,0.0,4123.1,0.0,False,False,50.0,False,False,True
179,2025-11-11 02:00:00,4142.2,0.0,4123.1,0.0,False,False,50.0,False,False,True
180,2025-11-11 02:01:00,4142.7,0.0,4123.1,0.0,False,False,50.0,False,False,True
181,2025-11-11 02:02:00,4140.6,0.0,4123.1,0.0,False,False,50.0,False,False,True
182,2025-11-11 02:03:00,4138.2,0.0,4123.1,0.0,False,False,50.0,False,False,True
183,2025-11-11 02:04:00,4139.2,0.0,4123.1,0.0,False,False,50.0,False,False,True
184,2025-11-11 02:05:00,4139.2,0.0,4123.1,0.0,False,False,50.0,False,False,True
185,2025-11-11 02:06:00,4138.7,0.0,4123.1,0.0,False,False,50.0,False,False,True
186,2025-11-11 02:07:00,4139.1,0.0,4123.1,0.0,False,False,50.0,False,False,True
187,2025-11-11 02:08:00,4140.2,0.0,4123.1,0.0,False,False,50.0,False,False,True
188,2025-11-11 02:09:00,4140.5,0.0,4123.1,0.0,False,False,50.0,False,False,True
189,2025-11-11 02:10:00,4140.5,0.0,4123.1,0.0,False,False,50.0,False,False,True
190,2025-11-11 02:11:00,4141.1,0.0,4123.1,0.0,False,False,50.0,False,False,True
191,2025-11-11 02:12:00,4140.1,0.0,4123.1,0.0,False,False,50.0,False,False,True
192,2025-11-11 02:13:00,4140.7,0.0,4123.1,0.0,False,False,50.0,False,False,True
193,2025-11-11 02:14:00,4140.9,0.0,4123.1,0.0,False,False,50.0,False,False,True
194,2025-11-11 02:15:00,4141,0.0,4123.1,0.0,False,False,50.0,False,False,True
195,2025-11-11 02:16:00,4139.6,0.0,4123.1,0.0,False,False,50.0,False,False,True
196,2025-11-11 02:17:00,4140.8,0.0,4123.1,0.0,False,False,50.0,False,False,True
197,2025-11-11 02:18:00,4138.9,0.0,4123.1,0.0,False,False,50.0,False,False,True
198,2025-11-11 02:19:00,4139,0.0,4123.1,0.0,False,False,50.0,False,False,True
199,2025-11-11 02:20:00,4139.6,0.0,4123.1,0.0,False,False,50.0,False,False,True
200,2025-11-11 02:21:00,4139.9,0.0,4123.1,0.0,False,False,50.0,False,False,True
201,2025-11-11 02:22:00,4141.6,0.0,4123.1,0.0,False,False,50.0,False,False,True
202,2025-11-11 02:23:00,4143.4,0.0,4123.1,0.0,False,False,50.0,False,False,True
203,2025-11-11 02:24:00,4143.4,0.0,4123.1,0.0,False,False,50.0,False,False,True
204,2025-11-11 02:25:00,4143.1,4147.4,4123.1,4135.25,True,False,82.30452674897366,False,False,False
205,2025-11-11 02:26:00,4139.6,4147.4,4123.1,4135.25,True,False,67.90123456790327,False,False,False
206,2025-11-11 02:27:00,4141.2,4147.4,4123.1,4135.25,True,False,74.48559670781891,False,False,False
207,2025-11-11 02:28:00,4141.1,4147.4,4123.1,4135.25,True,False,74.0740740740763,False,False,False
208,2025-11-11 02:29:00,4141,4147.4,4123.1,4135.25,True,False,73.66255144032992,False,False,False
209,2025-11-11 02:30:00,4140.3,4147.4,4123.1,4135.25,True,False,70.7818930041166,False,False,False
210,2025-11-11 02:31:00,4137.8,4147.4,4123.1,4135.25,True,False,60.493827160494895,False,False,False
211,2025-11-11 02:32:00,4137.1,4147.4,4123.1,4135.25,True,False,57.61316872428156,False,False,False
212,2025-11-11 02:33:00,4137,4147.4,4123.1,4135.25,True,False,57.2016460905352,False,False,False
213,2025-11-11 02:34:00,4137.7,4147.4,4123.1,4135.25,True,False,60.08230452674852,False,False,False
214,2025-11-11 02:35:00,4136.4,4147.4,4123.1,4135.25,True,False,54.73251028806448,False,False,False
215,2025-11-11 02:36:00,4137,4147.4,4123.1,4135.25,True,False,57.2016460905352,False,False,False
216,2025-11-11 02:37:00,4136.4,4147.4,4123.1,4135.25,True,False,54.73251028806448,False,False,False
217,2025-11-11 02:38:00,4137.7,4147.4,4123.1,4135.25,True,False,60.08230452674852,False,False,False
218,2025-11-11 02:39:00,4136.8,4147.4,4123.1,4135.25,True,False,56.37860082304621,False,False,False
219,2025-11-11 02:40:00,4138.6,4147.4,4123.1,4135.25,True,False,63.786008230454584,False,False,False
220,2025-11-11 02:41:00,4140.3,4147.4,4123.1,4135.25,True,False,70.7818930041166,False,False,False
221,2025-11-11 02:42:00,4140.8,4147.4,4123.1,4135.25,True,False,72.83950617284094,False,False,False
222,2025-11-11 02:43:00,4143,4147.4,4123.1,4135.25,True,False,81.8930041152273,False,False,False
223,2025-11-11 02:44:00,4143,4147.4,4123.1,4135.25,True,False,81.8930041152273,False,False,False
224,2025-11-11 02:45:00,4144.7,4147.4,4123.1,4135.25,True,False,88.88888888888931,False,False,False
225,2025-11-11 02:46:00,4145,4147.4,4123.1,4135.25,True,False,90.12345679012466,False,False,False
226,2025-11-11 02:47:00,4144.4,4147.4,4123.1,4135.25,True,False,87.65432098765396,False,False,False
227,2025-11-11 02:48:00,4144.3,4147.4,4123.1,4135.25,True,False,87.24279835391133,False,False,False
228,2025-11-11 02:49:00,4143.2,4147.4,4123.1,4135.25,True,False,82.71604938271628,False,False,False
229,2025-11-11 02:50:00,4142.5,4147.4,4123.1,4135.25,True,False,79.83539094650295,False,False,False
230,2025-11-11 02:51:00,4140.7,4147.4,4123.1,4135.25,True,False,72.42798353909457,False,False,False
231,2025-11-11 02:52:00,4142.1,4147.4,4123.1,4135.25,True,False,78.18930041152498,False,False,False
232,2025-11-11 02:53:00,4141.7,4147.4,4123.1,4135.25,True,False,76.54320987654326,False,False,False
233,2025-11-11 02:54:00,4141.1,4147.4,4123.1,4135.25,True,False,74.0740740740763,False,False,False
234,2025-11-11 02:55:00,4140.4,4147.4,4123.1,4135.25,True,False,71.19341563785922,False,False,False
235,2025-11-11 02:56:00,4141.9,4147.4,4123.1,4135.25,True,False,77.36625514403225,False,False,False
236,2025-11-11 02:57:00,4142.6,4147.4,4123.1,4135.25,True,False,80.24691358024931,False,False,False
237,2025-11-11 02:58:00,4143.6,4147.4,4123.1,4135.25,True,False,84.362139917698,False,False,False
238,2025-11-11 02:59:00,4145.1,4147.4,4123.1,4135.25,True,False,90.53497942387102,False,False,False
239,2025-11-11 03:00:00,4143.9,4147.4,4123.1,4135.25,True,False,85.5967078189296,False,False,False
240,2025-11-11 03:01:00,4143.4,4147.4,4123.1,4135.25,True,False,83.53909465020527,False,False,False
241,2025-11-11 03:02:00,4143.4,4147.4,4123.1,4135.25,True,False,83.53909465020527,False,False,False
242,2025-11-11 03:03:00,4144,4147.4,4123.1,4135.25,True,False,86.00823045267597,False,False,False
243,2025-11-11 03:04:00,4143.5,4147.4,4123.1,4135.25,True,False,83.95061728395163,False,False,False
244,2025-11-11 03:05:00,4144.3,4147.4,4123.1,4135.25,True,False,87.24279835391133,False,False,False
245,2025-11-11 03:06:00,4145.6,4147.4,4123.1,4135.25,True,False,92.59259259259537,False,False,False
246,2025-11-11 03:07:00,4144.6,4147.4,4123.1,4135.25,True,False,88.47736625514668,False,False,False
247,2025-11-11 03:08:00,4144.9,4147.4,4123.1,4135.25,True,False,89.71193415637829,False,False,False
248,2025-11-11 03:09:00,4145.1,4147.4,4123.1,4135.25,True,False,90.53497942387102,False,False,False
249,2025-11-11 03:10:00,4146.8,4147.4,4123.1,4135.25,True,False,97.53086419753303,False,False,False
250,2025-11-11 03:11:00,4147.9,4147.4,4123.1,4135.25,True,False,100,False,False,False
251,2025-11-11 03:12:00,4149,4147.4,4123.1,4135.25,True,False,100,False,False,False
252,2025-11-11 03:13:00,4149,4147.4,4123.1,4135.25,True,False,100,False,False,False
253,2025-11-11 03:14:00,4148.5,4147.4,4123.1,4135.25,True,False,100,False,False,False
254,2025-11-11 03:15:00,4149,4147.4,4123.1,4135.25,True,False,100,False,False,False
255,2025-11-11 03:16:00,4149.5,4147.4,4123.1,4135.25,True,False,100,False,False,False
256,2025-11-11 03:17:00,4150.9,4147.4,4123.1,4135.25,True,False,100,False,False,False
257,2025-11-11 03:18:00,4149.2,4147.4,4123.1,4135.25,True,False,100,False,False,False
258,2025-11-11 03:19:00,4149.1,4147.4,4123.1,4135.25,True,False,100,False,False,False
259,2025-11-11 03:20:00,4151,4147.4,4123.1,4135.25,True,False,100,False,False,False
260,2025-11-11 03:21:00,4149.9,4147.4,4123.1,4135.25,True,False,100,False,False,False
261,2025-11-11 03:22:00,4150,4147.4,4123.1,4135.25,True,False,100,False,False,False
262,2025-11-11 03:23:00,4149.7,4147.4,4135.2,4141.299999999999,True,False,100,True,False,True
263,2025-11-11 03:24:00,4150.4,4147.4,4135.2,4141.299999999999,True,False,100,True,False,True
264,2025-11-11 03:25:00,4149.9,4147.4,4135.2,4141.299999999999,True,False,100,True,False,True
265,2025-11-11 03:26:00,4150.4,4147.4,4135.2,4141.299999999999,True,False,100,True,False,True
266,2025-11-11 03:27:00,4150.5,4147.4,4135.2,4141.299999999999,True,False,100,True,False,True
267,2025-11-11 03:28:00,4150.9,4147.4,4135.2,4141.299999999999,True,False,100,True,False,True
268,2025-11-11 03:29:00,4150.9,4147.4,4135.2,4141.299999999999,True,False,100,True,False,True
269,2025-11-11 03:30:00,4150,4147.4,4135.2,4141.299999999999,True,False,100,True,False,True
270,2025-11-11 03:31:00,4149.8,4147.4,4135.2,4141.299999999999,True,False,100,True,False,True
271,2025-11-11 03:32:00,4151.5,4147.4,4135.2,4141.299999999999,True,False,100,True,False,True
272,2025-11-11 03:33:00,4152,4147.4,4135.2,4141.299999999999,True,False,100,True,False,True
273,2025-11-11 03:34:00,4152.6,4147.4,4135.2,4141.299999999999,True,False,100,True,False,True
274,2025-11-11 03:35:00,4153.7,4147.4,4135.2,4141.299999999999,True,False,100,True,False,True
275,2025-11-11 03:36:00,4153.5,4147.4,4135.2,4141.299999999999,True,False,100,True,False,True
276,2025-11-11 03:37:00,4153.1,4147.4,4135.2,4141.299999999999,True,False,100,True,False,True
277,2025-11-11 03:38:00,4153.5,4147.4,4135.2,4141.299999999999,True,False,100,True,False,True
278,2025-11-11 03:39:00,4153.1,4147.4,4135.2,4141.299999999999,True,False,100,True,False,True
279,2025-11-11 03:40:00,4151.7,4147.4,4135.2,4141.299999999999,True,False,100,True,False,True
280,2025-11-11 03:41:00,4151.9,4147.4,4135.2,4141.299999999999,True,False,100,True,False,True
281,2025-11-11 03:42:00,4151.5,4147.4,4135.2,4141.299999999999,True,False,100,True,False,True
282,2025-11-11 03:43:00,4151.1,4147.4,4135.2,4141.299999999999,True,False,100,True,False,True
283,2025-11-11 03:44:00,4149.9,4147.4,4135.2,4141.299999999999,True,False,100,True,False,True
284,2025-11-11 03:45:00,4150.5,4147.4,4135.2,4141.299999999999,True,False,100,True,False,True
285,2025-11-11 03:46:00,4151.6,4147.4,4135.2,4141.299999999999,True,False,100,True,False,True
286,2025-11-11 03:47:00,4152.5,4147.4,4135.2,4141.299999999999,True,False,100,True,False,True
287,2025-11-11 03:48:00,4152.6,4147.4,4135.2,4141.299999999999,True,False,100,True,False,True
288,2025-11-11 03:49:00,4151.8,4147.4,4135.2,4141.299999999999,True,False,100,True,False,True
289,2025-11-11 03:50:00,4152,4147.4,4135.2,4141.299999999999,True,False,100,True,False,True
290,2025-11-11 03:51:00,4152.7,4147.4,4135.2,4141.299999999999,True,False,100,True,False,True
291,2025-11-11 03:52:00,4151.9,4147.4,4135.2,4141.299999999999,True,False,100,True,False,True
292,2025-11-11 03:53:00,4151.9,4147.4,4135.2,4141.299999999999,True,False,100,True,False,True
293,2025-11-11 03:54:00,4151.4,4147.4,4135.2,4141.299999999999,True,False,100,True,False,True
294,2025-11-11 03:55:00,4151,4147.4,4135.2,4141.299999999999,True,False,100,True,False,True
295,2025-11-11 03:56:00,4151.4,4147.4,4135.2,4141.299999999999,True,False,100,True,False,True
296,2025-11-11 03:57:00,4150.6,4147.4,4135.2,4141.299999999999,True,False,100,True,False,True
297,2025-11-11 03:58:00,4152.2,4147.4,4135.2,4141.299999999999,True,False,100,True,False,True
298,2025-11-11 03:59:00,4152.5,4147.4,4135.2,4141.299999999999,True,False,100,True,False,True
299,2025-11-11 04:00:00,4152.7,4147.4,4135.2,4141.299999999999,True,False,100,True,False,True
300,2025-11-11 04:01:00,4153.1,4147.4,4135.2,4141.299999999999,True,False,100,True,False,True
301,2025-11-11 04:02:00,4153.1,4147.4,4135.2,4141.299999999999,True,False,100,True,False,True
302,2025-11-11 04:03:00,4154.3,4147.4,4135.2,4141.299999999999,True,False,100,True,False,True
303,2025-11-11 04:04:00,4154.8,4147.4,4135.2,4141.299999999999,True,False,100,True,False,True
304,2025-11-11 04:05:00,4154.1,4147.4,4135.2,4141.299999999999,True,False,100,True,False,True
305,2025-11-11 04:06:00,4152.8,4147.4,4135.2,4141.299999999999,True,False,100,True,False,True
306,2025-11-11 04:07:00,4151.4,4147.4,4135.2,4141.299999999999,True,False,100,True,False,True
307,2025-11-11 04:08:00,4151,4147.4,4135.2,4141.299999999999,True,False,100,True,False,True
308,2025-11-11 04:09:00,4150.2,4147.4,4135.2,4141.299999999999,True,False,100,True,False,True
309,2025-11-11 04:10:00,4150.9,4147.4,4135.2,4141.299999999999,True,False,100,True,False,True
310,2025-11-11 04:11:00,4150.3,4147.4,4135.2,4141.299999999999,True,False,100,True,False,True
311,2025-11-11 04:12:00,4150.1,4147.4,4135.2,4141.299999999999,True,False,100,True,False,True
312,2025-11-11 04:13:00,4148.9,4147.4,4135.2,4141.299999999999,True,False,100,True,False,True
313,2025-11-11 04:14:00,4148.9,4147.4,4135.2,4141.299999999999,True,False,100,True,False,True
314,2025-11-11 04:15:00,4148.9,4147.4,4135.2,4141.299999999999,True,False,100,True,False,True
315,2025-11-11 04:16:00,4149.5,4147.4,4135.2,4141.299999999999,True,False,100,True,False,True
316,2025-11-11 04:17:00,4149,4147.4,4135.2,4141.299999999999,True,False,100,True,False,True
317,2025-11-11 04:18:00,4148.4,4147.4,4135.2,4141.299999999999,True,False,100,True,False,True
318,2025-11-11 04:19:00,4148.9,4147.4,4135.2,4141.299999999999,True,False,100,True,False,True
319,2025-11-11 04:20:00,4149.8,4147.4,4135.2,4141.299999999999,True,False,100,True,False,True
320,2025-11-11 04:21:00,4149.7,4147.4,4135.2,4141.299999999999,True,False,100,True,False,True
321,2025-11-11 04:22:00,4148.9,4147.4,4135.2,4141.299999999999,True,False,100,True,False,True
322,2025-11-11 04:23:00,4149.1,4147.4,4135.2,4141.299999999999,True,False,100,True,False,True
323,2025-11-11 04:24:00,4149.3,4147.4,4135.2,4141.299999999999,True,False,100,True,False,True
324,2025-11-11 04:25:00,4148.8,4147.4,4135.2,4141.299999999999,True,False,100,True,False,True
325,2025-11-11 04:26:00,4148.2,4147.4,4135.2,4141.299999999999,True,False,100,True,False,True
326,2025-11-11 04:27:00,4149,4147.4,4135.2,4141.299999999999,True,False,100,True,False,True
327,2025-11-11 04:28:00,4148.9,4147.4,4135.2,4141.299999999999,True,False,100,True,False,True
328,2025-11-11 04:29:00,4149.6,4147.4,4135.2,4141.299999999999,True,False,100,True,False,True
329,2025-11-11 04:30:00,4150,4147.4,4135.2,4141.299999999999,True,False,100,True,False,True
330,2025-11-11 04:31:00,4151,4147.4,4135.2,4141.299999999999,True,False,100,True,False,True
331,2025-11-11 04:32:00,4149.7,4147.4,4135.2,4141.299999999999,True,False,100,True,False,True
332,2025-11-11 04:33:00,4150.3,4147.4,4135.2,4141.299999999999,True,False,100,True,False,True
333,2025-11-11 04:34:00,4150.3,4147.4,4135.2,4141.299999999999,True,False,100,True,False,True
334,2025-11-11 04:35:00,4150.5,4147.4,4135.2,4141.299999999999,True,False,100,True,False,True
335,2025-11-11 04:36:00,4150.3,4147.4,4135.2,4141.299999999999,True,False,100,True,False,True
336,2025-11-11 04:37:00,4150.3,4147.4,4135.2,4141.299999999999,True,False,100,True,False,True
337,2025-11-11 04:38:00,4150,4147.4,4135.2,4141.299999999999,True,False,100,True,False,True
338,2025-11-11 04:39:00,4150.4,4147.4,4135.2,4141.299999999999,True,False,100,True,False,True
339,2025-11-11 04:40:00,4151.1,4147.4,4135.2,4141.299999999999,True,False,100,True,False,True
340,2025-11-11 04:41:00,4149.6,4147.4,4135.2,4141.299999999999,True,False,100,True,False,True
341,2025-11-11 04:42:00,4148.9,4147.4,4135.2,4141.299999999999,True,False,100,True,False,True
342,2025-11-11 04:43:00,4148.5,4147.4,4135.2,4141.299999999999,True,False,100,True,False,True
343,2025-11-11 04:44:00,4147.9,4147.4,4135.2,4141.299999999999,True,False,100,True,False,True
344,2025-11-11 04:45:00,4148.1,4147.4,4135.2,4141.299999999999,True,False,100,True,False,True
345,2025-11-11 04:46:00,4149,4147.4,4135.2,4141.299999999999,True,False,100,True,False,True
346,2025-11-11 04:47:00,4148.5,4147.4,4135.2,4141.299999999999,True,False,100,True,False,True
347,2025-11-11 04:48:00,4149.6,4147.4,4135.2,4141.299999999999,True,False,100,True,False,True
348,2025-11-11 04:49:00,4150.1,4147.4,4135.2,4141.299999999999,True,False,100,True,False,True
349,2025-11-11 04:50:00,4149.9,4147.4,4135.2,4141.299999999999,True,False,100,True,False,True
350,2025-11-11 04:51:00,4149.8,4147.4,4135.2,4141.299999999999,True,False,100,True,False,True
351,2025-11-11 04:52:00,4151.2,4147.4,4135.2,4141.299999999999,True,False,100,True,False,True
352,2025-11-11 04:53:00,4151.5,4147.4,4135.2,4141.299999999999,True,False,100,True,False,True
353,2025-11-11 04:54:00,4150.7,4155,4135.2,4145.1,True,False,78.28282828282757,True,False,True
354,2025-11-11 04:55:00,4149.9,4155,4135.2,4145.1,True,False,74.24242424242264,True,False,True
355,2025-11-11 04:56:00,4148.3,4155,4135.2,4145.1,True,False,66.16161616161739,True,False,True
356,2025-11-11 04:57:00,4147.6,4155,4135.2,4145.1,True,False,62.626262626264804,True,False,True
357,2025-11-11 04:58:00,4149.2,4155,4135.2,4145.1,True,False,70.70707070707005,True,False,True
358,2025-11-11 04:59:00,4148.9,4155,4135.2,4145.1,True,False,69.19191919191763,True,False,True
359,2025-11-11 05:00:00,4149.1,4155,4135.2,4145.1,True,False,70.20202020202231,True,False,True
360,2025-11-11 05:01:00,4148.8,4155,4135.2,4145.1,True,False,68.6868686868699,True,False,True
361,2025-11-11 05:02:00,4148.5,4155,4135.2,4145.1,True,False,67.17171717171748,True,False,True
362,2025-11-11 05:03:00,4147.5,4155,4135.2,4145.1,True,False,62.121212121212466,True,False,True
363,2025-11-11 05:04:00,4149.4,4155,4135.2,4145.1,True,False,71.71717171717013,True,False,True
364,2025-11-11 05:05:00,4146.8,4155,4135.2,4145.1,True,False,58.58585858585988,True,False,True
365,2025-11-11 05:06:00,4146.2,4155,4135.2,4145.1,True,False,55.555555555555046,True,False,True
366,2025-11-11 05:07:00,4144.1,4155,4135.2,4145.1,False,True,44.94949494949729,False,True,True
367,2025-11-11 05:08:00,4142.5,4155,4135.2,4145.1,False,True,36.86868686868745,False,True,True
368,2025-11-11 05:09:00,4144.5,4155,4135.2,4145.1,False,True,46.96969696969745,False,True,True
369,2025-11-11 05:10:00,4146.1,4155,4135.2,4145.1,True,False,55.050505050507304,True,False,True
370,2025-11-11 05:11:00,4145.9,4155,4135.2,4145.1,True,False,54.04040404040262,True,False,True
371,2025-11-11 05:12:00,4146.8,4155,4135.2,4145.1,True,False,58.58585858585988,True,False,True
372,2025-11-11 05:13:00,4146.2,4155,4135.2,4145.1,True,False,55.555555555555046,True,False,True
373,2025-11-11 05:14:00,4147.2,4155,4135.2,4145.1,True,False,60.606060606060055,True,False,True
374,2025-11-11 05:15:00,4147.2,4155,4135.2,4145.1,True,False,60.606060606060055,True,False,True
375,2025-11-11 05:16:00,4148,4155,4135.2,4145.1,True,False,64.64646464646498,True,False,True
376,2025-11-11 05:17:00,4147.4,4155,4135.2,4145.1,True,False,61.616161616160134,True,False,True
377,2025-11-11 05:18:00,4148.3,4155,4135.2,4145.1,True,False,66.16161616161739,True,False,True
378,2025-11-11 05:19:00,4147,4155,4135.2,4145.1,True,False,59.59595959595997,True,False,True
379,2025-11-11 05:20:00,4147.4,4155,4135.2,4145.1,True,False,61.616161616160134,True,False,True
380,2025-11-11 05:21:00,4147,4155,4135.2,4145.1,True,False,59.59595959595997,True,False,True
381,2025-11-11 05:22:00,4144.9,4155,4135.2,4145.1,False,True,48.989898989897625,False,True,True
382,2025-11-11 05:23:00,4144.7,4155,4135.2,4145.1,False,True,47.97979797979754,False,True,True
383,2025-11-11 05:24:00,4142.3,4155,4135.2,4145.1,False,True,35.85858585858737,False,True,True
384,2025-11-11 05:25:00,4143.1,4155,4135.2,4145.1,False,True,39.89898989899229,False,True,True
385,2025-11-11 05:26:00,4143.5,4155,4135.2,4145.1,False,True,41.91919191919245,False,True,True
386,2025-11-11 05:27:00,4143.6,4155,4135.2,4145.1,False,True,42.42424242424479,False,True,True
387,2025-11-11 05:28:00,4143.4,4155,4135.2,4145.1,False,True,41.41414141414012,False,True,True
388,2025-11-11 05:29:00,4143.4,4155,4135.2,4145.1,False,True,41.41414141414012,False,True,True
389,2025-11-11 05:30:00,4142.9,4155,4135.2,4145.1,False,True,38.888888888887614,False,True,True
390,2025-11-11 05:31:00,4141.6,4155,4135.2,4145.1,False,True,32.32323232323478,False,True,True
391,2025-11-11 05:32:00,4140.8,4155,4135.2,4145.1,False,True,28.282828282829858,False,True,True
392,2025-11-11 05:33:00,4142.7,4155,4135.2,4145.1,False,True,37.87878787878753,False,True,True
393,2025-11-11 05:34:00,4140.8,4155,4135.2,4145.1,False,True,28.282828282829858,False,True,True
394,2025-11-11 05:35:00,4138.1,4155,4135.2,4145.1,False,True,14.646464646467269,False,True,True
395,2025-11-11 05:36:00,4136.6,4155,4135.2,4145.1,False,True,7.070707070709761,False,True,True
396,2025-11-11 05:37:00,4132.9,4155,4135.2,4145.1,False,True,0,False,True,True
397,2025-11-11 05:38:00,4134,4155,4135.2,4145.1,False,True,0,False,True,True
398,2025-11-11 05:39:00,4133.9,4155,4135.2,4145.1,False,True,0,False,True,True
399,2025-11-11 05:40:00,4134.1,4155,4135.2,4145.1,False,True,0,False,True,True
400,2025-11-11 05:41:00,4136,4155,4135.2,4145.1,False,True,4.040404040404922,False,True,True
401,2025-11-11 05:42:00,4133.9,4155,4135.2,4145.1,False,True,0,False,True,True
402,2025-11-11 05:43:00,4137.3,4155,4135.2,4145.1,False,True,10.606060606062346,False,True,True
403,2025-11-11 05:44:00,4137.1,4155,4135.2,4145.1,False,True,9.595959595962263,False,True,True
404,2025-11-11 05:45:00,4136.6,4155,4135.2,4145.1,False,True,7.070707070709761,False,True,True
405,2025-11-11 05:46:00,4136.9,4155,4135.2,4145.1,False,True,8.585858585857588,False,True,True
406,2025-11-11 05:47:00,4138.9,4155,4135.2,4145.1,False,True,18.686868686867598,False,True,True
407,2025-11-11 05:48:00,4140.2,4155,4135.2,4145.1,False,True,25.25252525252502,False,True,True
408,2025-11-11 05:49:00,4139.9,4155,4135.2,4145.1,False,True,23.7373737373726,False,True,True
409,2025-11-11 05:50:00,4139.2,4155,4135.2,4145.1,False,True,20.202020202020016,False,True,True
410,2025-11-11 05:51:00,4141.8,4155,4135.2,4145.1,False,True,33.33333333333486,False,True,True
411,2025-11-11 05:52:00,4139.1,4155,4135.2,4145.1,False,True,19.69696969697227,False,True,True
412,2025-11-11 05:53:00,4139.5,4155,4135.2,4145.1,False,True,21.717171717172437,False,True,True
413,2025-11-11 05:54:00,4139.3,4155,4135.2,4145.1,False,True,20.707070707072354,False,True,True
414,2025-11-11 05:55:00,4139.4,4155,4135.2,4145.1,False,True,21.2121212121201,False,True,True
415,2025-11-11 05:56:00,4140.9,4155,4135.2,4145.1,False,True,28.787878787877602,False,True,True
416,2025-11-11 05:57:00,4141.2,4155,4135.2,4145.1,False,True,30.303030303030027,False,True,True
417,2025-11-11 05:58:00,4138.8,4155,4135.2,4145.1,False,True,18.181818181819853,False,True,True
418,2025-11-11 05:59:00,4137.9,4155,4135.2,4145.1,False,True,13.636363636362592,False,True,True
419,2025-11-11 06:00:00,4137.3,4155,4135.2,4145.1,False,True,10.606060606062346,False,True,True
420,2025-11-11 06:01:00,4137.6,4155,4135.2,4145.1,False,True,12.121212121214766,False,True,True
421,2025-11-11 06:02:00,4134.8,4155,4135.2,4145.1,False,True,0,False,True,True
422,2025-11-11 06:03:00,4135.7,4155,4135.2,4145.1,False,True,2.525252525252502,False,True,True
423,2025-11-11 06:04:00,4134.7,4155,4135.2,4145.1,False,True,0,False,True,True
424,2025-11-11 06:05:00,4134.2,4155,4135.2,4145.1,False,True,0,False,True,True
425,2025-11-11 06:06:00,4135.2,4155,4135.2,4145.1,False,True,0,False,True,True
426,2025-11-11 06:07:00,4134.3,4155,4135.2,4145.1,False,True,0,False,True,True
427,2025-11-11 06:08:00,4134.3,4155,4135.2,4145.1,False,True,0,False,True,True
428,2025-11-11 06:09:00,4137,4155,4135.2,4145.1,False,True,9.090909090909927,False,True,True
429,2025-11-11 06:10:00,4138.2,4155,4135.2,4145.1,False,True,15.151515151515014,False,True,True
430,2025-11-11 06:11:00,4137.2,4155,4135.2,4145.1,False,True,10.101010101010008,False,True,True
431,2025-11-11 06:12:00,4140.3,4155,4135.2,4145.1,False,True,25.757575757577357,False,True,True
432,2025-11-11 06:13:00,4139.5,4155,4135.2,4145.1,False,True,21.717171717172437,False,True,True
433,2025-11-11 06:14:00,4139.6,4155,4135.2,4145.1,False,True,22.222222222224776,False,True,True
434,2025-11-11 06:15:00,4140,4155,4135.2,4145.1,False,True,24.24242424242494,False,True,True
435,2025-11-11 06:16:00,4140.3,4155,4135.2,4145.1,False,True,25.757575757577357,False,True,True
436,2025-11-11 06:17:00,4139.9,4155,4135.2,4145.1,False,True,23.7373737373726,False,True,True
437,2025-11-11 06:18:00,4140.4,4155,4135.2,4145.1,False,True,26.262626262625105,False,True,True
438,2025-11-11 06:19:00,4140.8,4155,4135.2,4145.1,False,True,28.282828282829858,False,True,True
439,2025-11-11 06:20:00,4139.7,4155,4135.2,4145.1,False,True,22.727272727272517,False,True,True
440,2025-11-11 06:21:00,4142.5,4155,4135.2,4145.1,False,True,36.86868686868745,False,True,True
441,2025-11-11 06:22:00,4142.9,4155,4135.2,4145.1,False,True,38.888888888887614,False,True,True
442,2025-11-11 06:23:00,4143.2,4155,4135.2,4145.1,False,True,40.40404040404003,False,False,False
443,2025-11-11 06:24:00,4143.1,4155,4135.2,4145.1,False,True,39.89898989899229,False,True,True
444,2025-11-11 06:25:00,4142.7,4155,4135.2,4145.1,False,True,37.87878787878753,False,True,True
445,2025-11-11 06:26:00,4142.9,4155,4135.2,4145.1,False,True,38.888888888887614,False,True,True
446,2025-11-11 06:27:00,4142.4,4155,4135.2,4145.1,False,True,36.36363636363511,False,True,True
447,2025-11-11 06:28:00,4142.7,4155,4131.4,4143.2,False,True,47.88135593220343,False,True,True
448,2025-11-11 06:29:00,4143.3,4155,4131.4,4143.2,True,False,50.42372881356086,True,False,True
449,2025-11-11 06:30:00,4143.8,4155,4131.4,4143.2,True,False,52.54237288135744,True,False,True
450,2025-11-11 06:31:00,4142.4,4155,4131.4,4143.2,False,True,46.61016949152471,False,True,True
451,2025-11-11 06:32:00,4139.8,4155,4131.4,4143.2,False,True,35.593220338984814,False,True,True
452,2025-11-11 06:33:00,4142.3,4155,4131.4,4143.2,False,True,46.1864406779677,False,True,True
453,2025-11-11 06:34:00,4139.4,4155,4131.4,4143.2,False,True,33.89830508474524,False,True,True
454,2025-11-11 06:35:00,4137.2,4155,4131.4,4143.2,False,True,24.57627118644107,False,True,True
455,2025-11-11 06:36:00,4137.5,4155,4131.4,4143.2,False,True,25.847457627119784,False,True,True
456,2025-11-11 06:37:00,4138,4155,4131.4,4143.2,False,True,27.96610169491636,False,True,True
457,2025-11-11 06:38:00,4138.1,4155,4131.4,4143.2,False,True,28.38983050847722,False,True,True
458,2025-11-11 06:39:00,4137.4,4155,4131.4,4143.2,False,True,25.42372881355893,False,True,True
459,2025-11-11 06:40:00,4137.2,4155,4131.4,4143.2,False,True,24.57627118644107,False,True,True
460,2025-11-11 06:41:00,4138.2,4155,4131.4,4143.2,False,True,28.813559322034227,False,True,True
461,2025-11-11 06:42:00,4136.3,4155,4131.4,4143.2,False,True,20.76271186440877,False,True,True
462,2025-11-11 06:43:00,4135.8,4155,4131.4,4143.2,False,True,18.644067796612195,False,True,True
463,2025-11-11 06:44:00,4136.1,4155,4131.4,4143.2,False,True,19.91525423729091,False,True,True
464,2025-11-11 06:45:00,4135.8,4155,4131.4,4143.2,False,True,18.644067796612195,False,True,True
465,2025-11-11 06:46:00,4135.2,4155,4131.4,4143.2,False,True,16.10169491525476,False,True,True
466,2025-11-11 06:47:00,4137.2,4155,4131.4,4143.2,False,True,24.57627118644107,False,True,True
467,2025-11-11 06:48:00,4137,4155,4131.4,4143.2,False,True,23.728813559323207,False,True,True
468,2025-11-11 06:49:00,4135.7,4155,4131.4,4143.2,False,True,18.220338983051338,False,True,True
469,2025-11-11 06:50:00,4133.8,4155,4131.4,4143.2,False,True,10.169491525425885,False,True,True
470,2025-11-11 06:51:00,4136.1,4155,4131.4,4143.2,False,True,19.91525423729091,False,True,True
471,2025-11-11 06:52:00,4137,4155,4131.4,4143.2,False,True,23.728813559323207,False,True,True
472,2025-11-11 06:53:00,4138.2,4155,4131.4,4143.2,False,True,28.813559322034227,False,True,True
473,2025-11-11 06:54:00,4138.7,4155,4131.4,4143.2,False,True,30.932203389830804,False,True,True
474,2025-11-11 06:55:00,4137.2,4155,4131.4,4143.2,False,True,24.57627118644107,False,True,True
475,2025-11-11 06:56:00,4137.4,4155,4131.4,4143.2,False,True,25.42372881355893,False,True,True
476,2025-11-11 06:57:00,4137.8,4155,4131.4,4143.2,False,True,27.118644067798503,False,True,True
477,2025-11-11 06:58:00,4137.7,4155,4131.4,4143.2,False,True,26.69491525423765,False,True,True
478,2025-11-11 06:59:00,4136.7,4155,4131.4,4143.2,False,True,22.457627118644492,False,True,True
479,2025-11-11 07:00:00,4136.1,4155,4131.4,4143.2,False,True,19.91525423729091,False,True,True
480,2025-11-11 07:01:00,4136.7,4155,4131.4,4143.2,False,True,22.457627118644492,False,True,True
481,2025-11-11 07:02:00,4135.7,4155,4131.4,4143.2,False,True,18.220338983051338,False,True,True
482,2025-11-11 07:03:00,4134.3,4155,4131.4,4143.2,False,True,12.288135593222462,False,True,True
483,2025-11-11 07:04:00,4134.9,4155,4131.4,4143.2,False,True,14.830508474576042,False,True,True
484,2025-11-11 07:05:00,4132.7,4155,4131.4,4143.2,False,True,5.5084745762718725,False,True,True
485,2025-11-11 07:06:00,4132.1,4155,4131.4,4143.2,False,True,2.9661016949182915,False,True,True
486,2025-11-11 07:07:00,4134.2,4155,4131.4,4143.2,False,True,11.864406779661604,False,True,True
487,2025-11-11 07:08:00,4135,4155,4131.4,4143.2,False,True,15.254237288136899,False,True,True
488,2025-11-11 07:09:00,4134.1,4155,4131.4,4143.2,False,True,11.440677966104602,False,True,True
489,2025-11-11 07:10:00,4133.8,4155,4131.4,4143.2,False,True,10.169491525425885,False,True,True
490,2025-11-11 07:11:00,4133.7,4144,4131.4,4137.7,False,True,18.253968253969173,False,True,True
491,2025-11-11 07:12:00,4135.1,4144,4131.4,4137.7,False,True,29.36507936508429,False,True,True
492,2025-11-11 07:13:00,4135.8,4144,4131.4,4137.7,False,True,34.92063492063824,False,True,True
493,2025-11-11 07:14:00,4136.4,4144,4131.4,4137.7,False,True,39.68253968253854,False,True,True
494,2025-11-11 07:15:00,4135.9,4144,4131.4,4137.7,False,True,35.714285714284685,False,True,True
495,2025-11-11 07:16:00,4134.9,4144,4131.4,4137.7,False,True,27.777777777776976,False,True,True
496,2025-11-11 07:17:00,4136,4144,4131.4,4137.7,False,True,36.507936507938346,False,True,True
497,2025-11-11 07:18:00,4136.6,4144,4131.4,4137.7,False,True,41.269841269845855,False,True,True
498,2025-11-11 07:19:00,4137.5,4144,4131.4,4137.7,False,True,48.4126984126999,False,True,True
499,2025-11-11 07:20:00,4137.4,4144,4131.4,4137.7,False,True,47.61904761904624,False,True,True
500,2025-11-11 07:21:00,4138.1,4144,4131.4,4137.7,True,False,53.17460317460741,True,False,True
501,2025-11-11 07:22:00,4139.3,4144,4131.4,4137.7,True,False,62.69841269841522,True,False,True
502,2025-11-11 07:23:00,4137.3,4144,4131.4,4137.7,False,True,46.82539682539981,False,True,True
503,2025-11-11 07:24:00,4135.8,4144,4131.4,4137.7,False,True,34.92063492063824,False,True,True
504,2025-11-11 07:25:00,4135.9,4144,4131.4,4137.7,False,True,35.714285714284685,False,True,True
505,2025-11-11 07:26:00,4136.3,4144,4131.4,4137.7,False,True,38.8888888888921,False,True,True
506,2025-11-11 07:27:00,4137.1,4144,4131.4,4137.7,False,True,45.23809523809971,False,True,True
507,2025-11-11 07:28:00,4137.8,4144,4131.4,4137.7,True,False,50.793650793653654,True,False,True
508,2025-11-11 07:29:00,4137.1,4144,4131.4,4137.7,False,True,45.23809523809971,False,True,True
509,2025-11-11 07:30:00,4137.8,4144,4131.4,4137.7,True,False,50.793650793653654,True,False,True
510,2025-11-11 07:31:00,4137.1,4144,4131.4,4137.7,False,True,45.23809523809971,False,True,True
511,2025-11-11 07:32:00,4136.4,4144,4131.4,4137.7,False,True,39.68253968253854,False,True,True
512,2025-11-11 07:33:00,4135.7,4144,4131.4,4137.7,False,True,34.12698412698458,False,True,True
513,2025-11-11 07:34:00,4135.1,4144,4131.4,4137.7,False,True,29.36507936508429,False,True,True
514,2025-11-11 07:35:00,4135.3,4144,4131.4,4137.7,False,True,30.952380952384388,False,True,True
515,2025-11-11 07:36:00,4136.4,4144,4131.4,4137.7,False,True,39.68253968253854,False,True,True
516,2025-11-11 07:37:00,4136.1,4144,4131.4,4137.7,False,True,37.301587301592,False,True,True
517,2025-11-11 07:38:00,4134,4144,4131.4,4137.7,False,True,20.634920634922928,False,True,True
518,2025-11-11 07:39:00,4134.3,4144,4131.4,4137.7,False,True,23.015873015876682,False,True,True
519,2025-11-11 07:40:00,4134,4144,4131.4,4137.7,False,True,20.634920634922928,False,True,True
520,2025-11-11 07:41:00,4134.6,4144,4131.4,4137.7,False,True,25.396825396830437,False,True,True
521,2025-11-11 07:42:00,4134.4,4144,4131.4,4137.7,False,True,23.80952380952312,False,True,True
522,2025-11-11 07:43:00,4134.8,4144,4131.4,4137.7,False,True,26.984126984130537,False,True,True
523,2025-11-11 07:44:00,4136.3,4144,4131.4,4137.7,False,True,38.8888888888921,False,True,True
524,2025-11-11 07:45:00,4137.3,4144,4131.4,4137.7,False,True,46.82539682539981,False,True,True
525,2025-11-11 07:46:00,4137.7,4144,4131.4,4137.7,False,False,50.0,False,False,True
526,2025-11-11 07:47:00,4138.5,4144,4131.4,4137.7,True,False,56.34920634920761,True,False,True
527,2025-11-11 07:48:00,4137.8,4144,4131.4,4137.7,True,False,50.793650793653654,True,False,True
528,2025-11-11 07:49:00,4136.9,4144,4131.4,4137.7,False,True,43.650793650792394,False,True,True
529,2025-11-11 07:50:00,4135.8,4144,4131.4,4137.7,False,True,34.92063492063824,False,True,True
530,2025-11-11 07:51:00,4134.5,4144,4131.4,4137.7,False,True,24.603174603176782,False,True,True
531,2025-11-11 07:52:00,4131.4,4144,4131.4,4137.7,False,True,0,False,True,True
532,2025-11-11 07:53:00,4134.2,4144,4131.4,4137.7,False,True,22.222222222223024,False,True,True
533,2025-11-11 07:54:00,4135.4,4144,4131.4,4137.7,False,True,31.746031746030827,False,True,True
534,2025-11-11 07:55:00,4136.2,4144,4131.4,4137.7,False,True,38.095238095238436,False,True,True
535,2025-11-11 07:56:00,4137.7,4144,4131.4,4137.7,False,False,50.0,True,False,False
536,2025-11-11 07:57:00,4138.2,4144,4131.4,4137.7,True,False,53.968253968253855,True,False,True
537,2025-11-11 07:58:00,4137.7,4144,4131.4,4137.7,False,False,50.0,True,False,False
538,2025-11-11 07:59:00,4136.8,4144,4131.4,4137.7,False,True,42.85714285714595,False,True,True
539,2025-11-11 08:00:00,4136.1,4144,4131.4,4137.7,False,True,37.301587301592,False,True,True
540,2025-11-11 08:01:00,4136.3,4144,4131.4,4137.7,False,True,38.8888888888921,False,True,True
541,2025-11-11 08:02:00,4136.8,4144,4131.4,4137.7,False,True,42.85714285714595,False,True,True
542,2025-11-11 08:03:00,4140.1,4144,4131.4,4137.7,True,False,69.04761904762283,True,False,True
543,2025-11-11 08:04:00,4139.2,4144,4131.4,4137.7,True,False,61.904761904761564,True,False,True
544,2025-11-11 08:05:00,4141.3,4144,4131.4,4137.7,True,False,78.57142857143063,True,False,True
545,2025-11-11 08:06:00,4142.1,4144,4131.4,4137.7,True,False,84.92063492063824,True,False,True
546,2025-11-11 08:07:00,4141.5,4144,4131.4,4137.7,True,False,80.15873015873073,True,False,True
547,2025-11-11 08:08:00,4140.1,4144,4131.4,4137.7,True,False,69.04761904762283,True,False,True
548,2025-11-11 08:09:00,4140.9,4144,4131.4,4137.7,True,False,75.39682539682322,True,False,True
549,2025-11-11 08:10:00,4140.7,4144,4131.4,4137.7,True,False,73.80952380952313,True,False,True
550,2025-11-11 08:11:00,4141.2,4144,4131.4,4137.7,True,False,77.77777777777698,True,False,True
551,2025-11-11 08:12:00,4143.8,4144,4131.4,4137.7,True,False,98.41269841269991,True,False,True
552,2025-11-11 08:13:00,4142.4,4144,4131.4,4137.7,True,False,87.30158730158479,True,False,True
553,2025-11-11 08:14:00,4142.9,4144,4131.4,4137.7,True,False,91.26984126983864,True,False,True
554,2025-11-11 08:15:00,4143.4,4144,4131.4,4137.7,True,False,95.23809523809248,True,False,True
555,2025-11-11 08:16:00,4144.3,4144,4131.4,4137.7,True,False,100,True,False,True
556,2025-11-11 08:17:00,4142.5,4144,4131.4,4137.7,True,False,88.09523809523844,True,False,True
557,2025-11-11 08:18:00,4143,4144,4131.4,4137.7,True,False,92.06349206349229,True,False,True
558,2025-11-11 08:19:00,4142,4144,4131.4,4137.7,True,False,84.12698412698458,True,False,True
