layer,type,date,time,timestamp,bar_index,price,leg
INTERNAL,HIGH,2025-11-10,23:07:00,2025-11-10 23:07:00,6,4125.0,BEAR_LEG
INTERNAL,LOW,2025-11-10,23:19:00,2025-11-10 23:19:00,18,4124.9,BULL_LEG
INTERNAL,HIGH,2025-11-10,23:22:00,2025-11-10 23:22:00,21,4127.3,BEAR_LEG
INTERNAL,LOW,2025-11-10,23:28:00,2025-11-10 23:28:00,27,4125.7,BULL_LEG
INTERNAL,HIGH,2025-11-10,23:31:00,2025-11-10 23:31:00,30,4127.5,BEAR_LEG
INTERNAL,LOW,2025-11-10,23:32:00,2025-11-10 23:32:00,31,4125.1,BULL_LEG
INTERNAL,HIGH,2025-11-10,23:42:00,2025-11-10 23:42:00,41,4126.8,BEAR_LEG
INTERNAL,LOW,2025-11-10,23:52:00,2025-11-10 23:52:00,51,4125.2,BULL_LEG
INTERNAL,HIGH,2025-11-11,00:01:00,2025-11-11 00:01:00,60,4127.3,BEAR_LEG
INTERNAL,LOW,2025-11-11,00:03:00,2025-11-11 00:03:00,62,4123.8,BULL_LEG
INTERNAL,HIGH,2025-11-11,00:09:00,2025-11-11 00:09:00,68,4125.5,BEAR_LEG
INTERNAL,LOW,2025-11-11,00:23:00,2025-11-11 00:23:00,82,4126.4,BULL_LEG
INTERNAL,HIGH,2025-11-11,00:24:00,2025-11-11 00:24:00,83,4129.0,BEAR_LEG
EXTERNAL,HIGH,2025-11-11,00:27:00,2025-11-11 00:27:00,86,4130.8,BEAR_LEG
INTERNAL,LOW,2025-11-11,00:42:00,2025-11-11 00:42:00,101,4131.4,BULL_LEG
INTERNAL,HIGH,2025-11-11,00:43:00,2025-11-11 00:43:00,102,4134.4,BEAR_LEG
INTERNAL,LOW,2025-11-11,00:59:00,2025-11-11 00:59:00,118,4136.1,BULL_LEG
INTERNAL,HIGH,2025-11-11,01:03:00,2025-11-11 01:03:00,122,4140.8,BEAR_LEG
INTERNAL,LOW,2025-11-11,01:08:00,2025-11-11 01:08:00,127,4134.2,BULL_LEG
INTERNAL,HIGH,2025-11-11,01:13:00,2025-11-11 01:13:00,132,4138.8,BEAR_LEG
INTERNAL,LOW,2025-11-11,01:20:00,2025-11-11 01:20:00,139,4136.4,BULL_LEG
INTERNAL,HIGH,2025-11-11,01:26:00,2025-11-11 01:26:00,145,4141.0,BEAR_LEG
INTERNAL,LOW,2025-11-11,01:37:00,2025-11-11 01:37:00,156,4143.5,BULL_LEG
INTERNAL,HIGH,2025-11-11,01:59:00,2025-11-11 01:59:00,178,4142.9,BEAR_LEG
INTERNAL,LOW,2025-11-11,02:03:00,2025-11-11 02:03:00,182,4137.7,BULL_LEG
INTERNAL,HIGH,2025-11-11,02:09:00,2025-11-11 02:09:00,188,4141.7,BEAR_LEG
INTERNAL,LOW,2025-11-11,02:16:00,2025-11-11 02:16:00,195,4139.1,BULL_LEG
INTERNAL,HIGH,2025-11-11,02:21:00,2025-11-11 02:21:00,200,4141.6,BEAR_LEG
INTERNAL,LOW,2025-11-11,02:31:00,2025-11-11 02:31:00,210,4136.5,BULL_LEG
EXTERNAL,LOW,2025-11-11,02:32:00,2025-11-11 02:32:00,211,4136.1,BULL_LEG
INTERNAL,HIGH,2025-11-11,02:40:00,2025-11-11 02:40:00,219,4138.9,BEAR_LEG
EXTERNAL,HIGH,2025-11-11,02:44:00,2025-11-11 02:44:00,223,4144.1,BEAR_LEG
INTERNAL,LOW,2025-11-11,02:50:00,2025-11-11 02:50:00,229,4141.3,BULL_LEG
INTERNAL,HIGH,2025-11-11,02:58:00,2025-11-11 02:58:00,237,4143.8,BEAR_LEG
INTERNAL,LOW,2025-11-11,03:31:00,2025-11-11 03:31:00,270,4148.8,BULL_LEG
INTERNAL,HIGH,2025-11-11,03:32:00,2025-11-11 03:32:00,271,4151.5,BEAR_LEG
INTERNAL,LOW,2025-11-11,03:40:00,2025-11-11 03:40:00,279,4151.7,BULL_LEG
INTERNAL,HIGH,2025-11-11,03:47:00,2025-11-11 03:47:00,286,4152.7,BEAR_LEG
INTERNAL,LOW,2025-11-11,03:54:00,2025-11-11 03:54:00,293,4150.8,BULL_LEG
INTERNAL,HIGH,2025-11-11,03:58:00,2025-11-11 03:58:00,297,4152.3,BEAR_LEG
INTERNAL,LOW,2025-11-11,04:07:00,2025-11-11 04:07:00,306,4151.2,BULL_LEG
EXTERNAL,LOW,2025-11-11,04:13:00,2025-11-11 04:13:00,312,4148.5,BULL_LEG
INTERNAL,HIGH,2025-11-11,04:20:00,2025-11-11 04:20:00,319,4150.0,BEAR_LEG
INTERNAL,LOW,2025-11-11,04:26:00,2025-11-11 04:26:00,325,4148.2,BULL_LEG
INTERNAL,HIGH,2025-11-11,04:29:00,2025-11-11 04:29:00,328,4150.3,BEAR_LEG
INTERNAL,LOW,2025-11-11,04:42:00,2025-11-11 04:42:00,341,4148.9,BULL_LEG
INTERNAL,HIGH,2025-11-11,04:48:00,2025-11-11 04:48:00,347,4150.0,BEAR_LEG
INTERNAL,LOW,2025-11-11,04:56:00,2025-11-11 04:56:00,355,4148.3,BULL_LEG
INTERNAL,HIGH,2025-11-11,05:01:00,2025-11-11 05:01:00,360,4149.8,BEAR_LEG
INTERNAL,LOW,2025-11-11,05:03:00,2025-11-11 05:03:00,362,4146.9,BULL_LEG
INTERNAL,HIGH,2025-11-11,05:04:00,2025-11-11 05:04:00,363,4150.6,BEAR_LEG
INTERNAL,LOW,2025-11-11,05:05:00,2025-11-11 05:05:00,364,4145.4,BULL_LEG
INTERNAL,HIGH,2025-11-11,05:11:00,2025-11-11 05:11:00,370,4147.8,BEAR_LEG
INTERNAL,LOW,2025-11-11,05:21:00,2025-11-11 05:21:00,380,4146.1,BULL_LEG
INTERNAL,HIGH,2025-11-11,05:42:00,2025-11-11 05:42:00,401,4136.7,BEAR_LEG
INTERNAL,LOW,2025-11-11,05:54:00,2025-11-11 05:54:00,413,4138.1,BULL_LEG
INTERNAL,HIGH,2025-11-11,06:09:00,2025-11-11 06:09:00,428,4137.0,BEAR_LEG
EXTERNAL,HIGH,2025-11-11,06:21:00,2025-11-11 06:21:00,440,4144.0,BEAR_LEG
INTERNAL,LOW,2025-11-11,06:32:00,2025-11-11 06:32:00,451,4139.6,BULL_LEG
INTERNAL,HIGH,2025-11-11,06:53:00,2025-11-11 06:53:00,472,4138.7,BEAR_LEG
INTERNAL,LOW,2025-11-11,06:59:00,2025-11-11 06:59:00,478,4136.4,BULL_LEG
EXTERNAL,LOW,2025-11-11,07:04:00,2025-11-11 07:04:00,483,4132.8,BULL_LEG
INTERNAL,HIGH,2025-11-11,07:12:00,2025-11-11 07:12:00,491,4136.5,BEAR_LEG
